{
  "project_info": {
    "project_number": "298347920442",
    "project_id": "driverassistant-miki",
    "storage_bucket": "driverassistant-miki.firebasestorage.app"
  },
  "client": [
    {
      "client_info": {
        "mobilesdk_app_id": "1:298347920442:android:2c8278726dedc2b268c903",
        "android_client_info": {
          "package_name": "com.example.chapa"
        }
      },
      "oauth_client": [],
      "api_key": [
        {
          "current_key": "AIzaSyAVD5a_cHmNF4B7cWH0emIplhLq6J0BwjM"
        }
      ],
      "services": {
        "appinvite_service": {
          "other_platform_oauth_client": []
        }
      }
    }
  ],
  "configuration_version": "1"
}